taxon_oid	Domain	Sequencing Status	Study Name	Genome Name / Sample Name	Sequencing Center	IMG Genome ID 	IMG Submission ID	GOLD Analysis Project ID	GOLD Sequencing Project ID	GOLD Study ID	Is Public	Genome Size   * assembled	Gene Count   * assembled	Scaffold Count   * assembled	Genome MetaBAT Bin Count   * assembled	Estimated Number of Genomes  * assembled	Number of Filtered Reads   * assembled	Number of Mapped Reads   * assembled	
3300060886	*Microbiome	Complete	Soil microbial communities from various NEON sites located in USA and Puerto Rico	Soil microbial communities from Santa Rita Experimental Range, Tucson, Arizona, USA - SRER_005-M-20210810-comp-1	DOE Joint Genome Institute (JGI)	3300060886	298697	Ga0597102	Gp0704950	Gs0161344	Yes	1507485050	2775417	1627750	8	380	410204838	185391249	
3300060745	*Microbiome	Complete	Soil microbial communities from various NEON sites located in USA and Puerto Rico	Soil microbial communities from Toolik Field Station, Alaska, USA - TOOL_002-O-20210804-comp-1	DOE Joint Genome Institute (JGI)	3300060745	298748	Ga0597087	Gp0704935	Gs0161344	Yes	1446901187	2415328	1298807	20	349	302409010	148231561	
3300060648	*Microbiome	Complete	Soil microbial communities from various NEON sites located in USA and Puerto Rico	Soil microbial communities from Yellowstone NP, Wyoming, USA - YELL_002-M-20210706-comp-1	DOE Joint Genome Institute (JGI)	3300060648	298419	Ga0597058	Gp0704906	Gs0161344	Yes	559493798	1017974	583334	5	135	265570178	77983113	
3300060671	*Microbiome	Complete	Soil microbial communities from various NEON sites located in USA and Puerto Rico	Soil microbial communities from Toolik Field Station, Alaska, USA - TOOL_003-O-20210805-comp-1	DOE Joint Genome Institute (JGI)	3300060671	298435	Ga0597086	Gp0704934	Gs0161344	Yes	918482234	1594003	900374	12	236	223785826	124155304	
3300061205	*Microbiome	Complete	Soil microbial communities from various NEON sites located in USA and Puerto Rico	Soil microbial communities from National Grasslands LBJ, Texas, USA - CLBJ_040-M-20210503-comp-1	DOE Joint Genome Institute (JGI)	3300061205	299140	Ga0597032	Gp0704880	Gs0161344	Yes	1372843960	2336682	1255510	17	242	306367150	134258109	
3300060895	*Microbiome	Complete	Soil microbial communities from various NEON sites located in USA and Puerto Rico	Soil microbial communities from Lower Teakettle, Sierra National Forest, California, USA - TEAK_005-M-20210728-comp-1	DOE Joint Genome Institute (JGI)	3300060895	298746	Ga0597067	Gp0704915	Gs0161344	Yes	1962208025	3405908	1912845	16	362	436937982	211178442	
3300061179	*Microbiome	Complete	Soil microbial communities from various NEON sites located in USA and Puerto Rico	Soil microbial communities from Wind River Experimental Forest, Washington, USA - WREF_001-O-20210621-comp-1	DOE Joint Genome Institute (JGI)	3300061179	299096	Ga0597116	Gp0704964	Gs0161344	Yes	3068129637	4918035	2500903	33	493	505148436	308338721	
3300060695	*Microbiome	Complete	Soil microbial communities from various NEON sites located in USA and Puerto Rico	Soil microbial communities from Toolik Field Station, Alaska, USA - TOOL_006-O-20210804-comp-1	DOE Joint Genome Institute (JGI)	3300060695	298552	Ga0597083	Gp0704931	Gs0161344	Yes	2575568652	4252469	2282450	29	536	487354412	259266649	
3300061177	*Microbiome	Complete	Soil microbial communities from various NEON sites located in USA and Puerto Rico	Soil microbial communities from Santa Rita Experimental Range, Tucson, Arizona, USA - SRER_043-M-20210809-comp-1	DOE Joint Genome Institute (JGI)	3300061177	299095	Ga0597100	Gp0704948	Gs0161344	Yes	1699073393	3015886	1685634	8	387	415722858	202631889	
3300060883	*Microbiome	Complete	Soil microbial communities from various NEON sites located in USA and Puerto Rico	Soil microbial communities from Lower Teakettle, Sierra National Forest, California, USA - TEAK_005-O-20210728-comp-1	DOE Joint Genome Institute (JGI)	3300060883	298692	Ga0597066	Gp0704914	Gs0161344	Yes	1557990773	2654815	1483050	15	292	250514198	136710639	
3300060709	*Microbiome	Complete	Soil microbial communities from various NEON sites located in USA and Puerto Rico	Soil microbial communities from Santa Rita Experimental Range, Tucson, Arizona, USA - SRER_006-M-20210809-comp-1	DOE Joint Genome Institute (JGI)	3300060709	298569	Ga0597101	Gp0704949	Gs0161344	Yes	1197382962	2123081	1173530	3	274	335841344	159152126	
3300060917	*Microbiome	Complete	Soil microbial communities from various NEON sites located in USA and Puerto Rico	Soil microbial communities from Lower Teakettle, Sierra National Forest, California, USA - TEAK_004-M-20210726-comp-1	DOE Joint Genome Institute (JGI)	3300060917	298747	Ga0597069	Gp0704917	Gs0161344	Yes	1378022830	2437299	1411253	8	303	346442274	159251520	
3300061538	*Microbiome	Complete	Soil microbial communities from various NEON sites located in USA and Puerto Rico	Soil microbial communities from National Grasslands LBJ, Texas, USA - CLBJ_002-M-20210506-comp-1	DOE Joint Genome Institute (JGI)	3300061538	299165	Ga0597038	Gp0704886	Gs0161344	Yes	1934300057	3432497	1919287	10	446	452998170	201863694	
3300060655	*Microbiome	Complete	Soil microbial communities from various NEON sites located in USA and Puerto Rico	Soil microbial communities from Wind River Experimental Forest, Washington, USA - WREF_073-O-20210623-comp-1	DOE Joint Genome Institute (JGI)	3300060655	298429	Ga0597078	Gp0704926	Gs0161344	Yes	1243731233	2155346	1217523	6	235	275958474	130286758	
3300060668	*Microbiome	Complete	Soil microbial communities from various NEON sites located in USA and Puerto Rico	Soil microbial communities from Toolik Field Station, Alaska, USA - TOOL_043-O-20210803-comp-1	DOE Joint Genome Institute (JGI)	3300060668	298431	Ga0597080	Gp0704928	Gs0161344	Yes	2181436083	3645334	2019439	13	418	406427332	196573210	
3300061211	*Microbiome	Complete	Soil microbial communities from various NEON sites located in USA and Puerto Rico	Soil microbial communities from Great Basin, Onaqui, Utah, USA - ONAQ_004-M-20210525-comp-1	DOE Joint Genome Institute (JGI)	3300061211	299138	Ga0597029	Gp0704877	Gs0161344	Yes	1245617870	2024451	978255	30	293	271636228	163858697	
3300060729	*Microbiome	Complete	Soil microbial communities from various NEON sites located in USA and Puerto Rico	Soil microbial communities from Yellowstone NP, Wyoming, USA - YELL_046-M-20210705-comp-1	DOE Joint Genome Institute (JGI)	3300060729	298689	Ga0597051	Gp0704899	Gs0161344	Yes	929469631	1698143	994296	2	245	348085300	126251634	
3300060914	*Microbiome	Complete	Soil microbial communities from various NEON sites located in USA and Puerto Rico	Soil microbial communities from Guanica State Forest and Biosphere Reserve, Puerto Rico - GUAN_043-M-20210921-comp-1	DOE Joint Genome Institute (JGI)	3300060914	298570	Ga0597105	Gp0704953	Gs0161344	Yes	1593796329	2617791	1332525	21	324	290622066	182039474	
3300061624	*Microbiome	Complete	Soil microbial communities from various NEON sites located in USA and Puerto Rico	Soil microbial communities from Caribou Creek Watershed, Alaska, USA - BONA_004-O-20210707-comp-1	DOE Joint Genome Institute (JGI)	3300061624	299640	Ga0597042	Gp0704890	Gs0161344	Yes	2238564630	3413661	1625468	25	327	420514776	299849771	
3300060780	*Microbiome	Complete	Soil microbial communities from various NEON sites located in USA and Puerto Rico	Soil microbial communities from Wind River Experimental Forest, Washington, USA - WREF_003-M-20210622-comp-1	DOE Joint Genome Institute (JGI)	3300060780	298785	Ga0597115	Gp0704963	Gs0161344	Yes	2081512039	3450446	1814600	17	302	365733712	225339513	
3300060747	*Microbiome	Complete	Soil microbial communities from various NEON sites located in USA and Puerto Rico	Soil microbial communities from Chase Lake Wetlands, North Dakota, USA - WOOD_005-M-20210708-comp-1	DOE Joint Genome Institute (JGI)	3300060747	298749	Ga0597092	Gp0704940	Gs0161344	Yes	1834279261	3312166	1877614	4	408	373779240	215303717	
3300060894	*Microbiome	Complete	Soil microbial communities from various NEON sites located in USA and Puerto Rico	Soil microbial communities from Konza Prairie Bio Station, Kansas, USA - KONZ_043-M-20210721-comp-1	DOE Joint Genome Institute (JGI)	3300060894	298745	Ga0597061	Gp0704909	Gs0161344	Yes	2439531634	4236970	2305966	6	455	406230800	228304513	
3300061180	*Microbiome	Complete	Soil microbial communities from various NEON sites located in USA and Puerto Rico	Soil microbial communities from Toolik Field Station, Alaska, USA - TOOL_044-O-20210803-comp-1	DOE Joint Genome Institute (JGI)	3300061180	299097	Ga0597117	Gp0704965	Gs0161344	Yes	2126661703	3593818	1991757	12	455	467343760	212669537	
3300060888	*Microbiome	Complete	Soil microbial communities from various NEON sites located in USA and Puerto Rico	Soil microbial communities from Guanica State Forest and Biosphere Reserve, Puerto Rico - GUAN_003-M-20210922-comp-1	DOE Joint Genome Institute (JGI)	3300060888	298699	Ga0597110	Gp0704958	Gs0161344	Yes	1381531317	2424707	1336529	3	293	327533006	174290938	
3300061224	*Microbiome	Complete	Soil microbial communities from various NEON sites located in USA and Puerto Rico	Soil microbial communities from Santa Rita Experimental Range, Tucson, Arizona, USA - SRER_053-M-20210810-comp-1	DOE Joint Genome Institute (JGI)	3300061224	299166	Ga0597097	Gp0704945	Gs0161344	Yes	2244598773	4019754	2255669	8	629	531341884	296740885	
3300061213	*Microbiome	Complete	Soil microbial communities from various NEON sites located in USA and Puerto Rico	Soil microbial communities from National Grasslands LBJ, Texas, USA - CLBJ_033-M-20210505-comp-1	DOE Joint Genome Institute (JGI)	3300061213	299142	Ga0597034	Gp0704882	Gs0161344	Yes	3067363352	4810655	2269097	53	456	506023996	358389962	
3300061639	*Microbiome	Complete	Soil microbial communities from various NEON sites located in USA and Puerto Rico	Soil microbial communities from Niwot Ridge, Colorado, USA - NIWO_004-O-20210726-comp-1	DOE Joint Genome Institute (JGI)	3300061639	299655	Ga0597073	Gp0704921	Gs0161344	Yes	2493734710	3985886	2054617	30	376	334737780	241347715	
3300060646	*Microbiome	Complete	Soil microbial communities from various NEON sites located in USA and Puerto Rico	Soil microbial communities from Healy, Denali National Park, Alaska, USA - HEAL_048-M-20210622-comp-1	DOE Joint Genome Institute (JGI)	3300060646	298416	Ga0597046	Gp0704894	Gs0161344	Yes	853472039	1501350	844045	8	161	166559924	92059993	
3300060854	*Microbiome	Complete	Soil microbial communities from various NEON sites located in USA and Puerto Rico	Soil microbial communities from Guanica State Forest and Biosphere Reserve, Puerto Rico - GUAN_007-M-20210922-comp-1	DOE Joint Genome Institute (JGI)	3300060854	298571	Ga0597107	Gp0704955	Gs0161344	Yes	1461123232	2562734	1398260	6	280	326415704	192963996	
3300060744	*Microbiome	Complete	Soil microbial communities from various NEON sites located in USA and Puerto Rico	Soil microbial communities from Yellowstone NP, Wyoming, USA - YELL_016-M-20210708-comp-1	DOE Joint Genome Institute (JGI)	3300060744	298743	Ga0597052	Gp0704900	Gs0161344	Yes	1035151817	1787875	954787	11	246	380440034	139999827	
3300060897	*Microbiome	Complete	Soil microbial communities from various NEON sites located in USA and Puerto Rico	Soil microbial communities from Chase Lake Wetlands, North Dakota, USA - WOOD_001-M-20210714-comp-1	DOE Joint Genome Institute (JGI)	3300060897	298782	Ga0597096	Gp0704944	Gs0161344	Yes	1477232773	2601334	1438176	6	318	286056868	160228879	
3300060663	*Microbiome	Complete	Soil microbial communities from various NEON sites located in USA and Puerto Rico	Soil microbial communities from Konza Prairie Bio Station, Kansas, USA - KONZ_046-M-20210720-comp-1	DOE Joint Genome Institute (JGI)	3300060663	298420	Ga0597059	Gp0704907	Gs0161344	Yes	1657246962	2839673	1526401	11	287	378403940	175193275	
3300062116	*Microbiome	In progress	Soil microbial communities from various NEON sites located in USA and Puerto Rico	Soil microbial communities from Great Basin, Onaqui, Utah, USA - ONAQ_010-M-20210526-comp-1	DOE Joint Genome Institute (JGI)	3300062116	301852	Ga0597026	Gp0704874	Gs0161344	Yes	1556926120	2735264	1530917	9	377	401690294	197726385	
3300061204	*Microbiome	Complete	Soil microbial communities from various NEON sites located in USA and Puerto Rico	Soil microbial communities from Great Basin, Onaqui, Utah, USA - ONAQ_003-M-20210527-comp-1	DOE Joint Genome Institute (JGI)	3300061204	299139	Ga0597030	Gp0704878	Gs0161344	Yes	972576048	1739921	974323	4	247	285884818	132168345	
3300060730	*Microbiome	Complete	Soil microbial communities from various NEON sites located in USA and Puerto Rico	Soil microbial communities from Lower Teakettle, Sierra National Forest, California, USA - TEAK_043-M-20210719-comp-1	DOE Joint Genome Institute (JGI)	3300060730	298691	Ga0597064	Gp0704912	Gs0161344	Yes	1346573611	2404841	1413788	5	276	375718024	140968297	
3300061640	*Microbiome	Complete	Soil microbial communities from various NEON sites located in USA and Puerto Rico	Soil microbial communities from Niwot Ridge, Colorado, USA - NIWO_003-M-20210727-comp-1	DOE Joint Genome Institute (JGI)	3300061640	299656	Ga0597075	Gp0704923	Gs0161344	Yes	1882639554	3188486	1659046	18	359	434703688	226376509	
3300060643	*Microbiome	Complete	Soil microbial communities from various NEON sites located in USA and Puerto Rico	Soil microbial communities from National Grasslands LBJ, Texas, USA - CLBJ_001-M-20210506-comp-1	DOE Joint Genome Institute (JGI)	3300060643	298411	Ga0597039	Gp0704887	Gs0161344	Yes	1744773601	3142766	1782932	8	395	391261942	197019385	
3300061212	*Microbiome	Complete	Soil microbial communities from various NEON sites located in USA and Puerto Rico	Soil microbial communities from National Grasslands LBJ, Texas, USA - CLBJ_038-M-20210504-comp-1	DOE Joint Genome Institute (JGI)	3300061212	299141	Ga0597033	Gp0704881	Gs0161344	Yes	1294620558	2361851	1379425	4	292	418772436	147422353	
3300060654	*Microbiome	Complete	Soil microbial communities from various NEON sites located in USA and Puerto Rico	Soil microbial communities from Niwot Ridge, Colorado, USA - NIWO_002-M-20210728-comp-1	DOE Joint Genome Institute (JGI)	3300060654	298427	Ga0597076	Gp0704924	Gs0161344	Yes	2385927688	3841105	1948058	14	347	402408168	258381286	
3300060779	*Microbiome	Complete	Soil microbial communities from various NEON sites located in USA and Puerto Rico	Soil microbial communities from Wind River Experimental Forest, Washington, USA - WREF_004-M-20210622-comp-1	DOE Joint Genome Institute (JGI)	3300060779	298784	Ga0597113	Gp0704961	Gs0161344	Yes	1814049538	3169050	1778393	6	280	384966566	220046120	
3300061175	*Microbiome	Complete	Soil microbial communities from various NEON sites located in USA and Puerto Rico	Soil microbial communities from Yellowstone NP, Wyoming, USA - YELL_012-O-20210708-comp-1	DOE Joint Genome Institute (JGI)	3300061175	299092	Ga0597053	Gp0704901	Gs0161344	Yes	1813525940	3135710	1753595	9	360	507795470	217631648	
3300061625	*Microbiome	Complete	Soil microbial communities from various NEON sites located in USA and Puerto Rico	Soil microbial communities from Yellowstone NP, Wyoming, USA - YELL_051-M-20210705-comp-1	DOE Joint Genome Institute (JGI)	3300061625	299641	Ga0597049	Gp0704897	Gs0161344	Yes	1465893308	2677575	1582075	2	357	490532864	202774493	
3300061216	*Microbiome	Complete	Soil microbial communities from various NEON sites located in USA and Puerto Rico	Soil microbial communities from National Grasslands LBJ, Texas, USA - CLBJ_006-M-20210506-comp-1	DOE Joint Genome Institute (JGI)	3300061216	299143	Ga0597036	Gp0704884	Gs0161344	Yes	2143172963	3667312	1962396	20	421	442274116	222926706	
3300060915	*Microbiome	Complete	Soil microbial communities from various NEON sites located in USA and Puerto Rico	Soil microbial communities from Konza Prairie Bio Station, Kansas, USA - KONZ_024-M-20210719-comp-1	DOE Joint Genome Institute (JGI)	3300060915	298690	Ga0597063	Gp0704911	Gs0161344	Yes	1876405998	3123336	1612423	15	350	310912004	177347068	
3300061536	*Microbiome	Complete	Soil microbial communities from various NEON sites located in USA and Puerto Rico	Soil microbial communities from National Grasslands LBJ, Texas, USA - CLBJ_032-M-20210504-comp-1	DOE Joint Genome Institute (JGI)	3300061536	299163	Ga0597035	Gp0704883	Gs0161344	Yes	3255498829	5251302	2576693	31	592	490915152	329494958	
3300060666	*Microbiome	Complete	Soil microbial communities from various NEON sites located in USA and Puerto Rico	Soil microbial communities from Niwot Ridge, Colorado, USA - NIWO_001-O-20210728-comp-1	DOE Joint Genome Institute (JGI)	3300060666	298428	Ga0597077	Gp0704925	Gs0161344	Yes	1272937701	2205668	1254347	9	232	251051164	136175523	
3300060657	*Microbiome	Complete	Soil microbial communities from various NEON sites located in USA and Puerto Rico	Soil microbial communities from Chase Lake Wetlands, North Dakota, USA - WOOD_024-M-20210714-comp-1	DOE Joint Genome Institute (JGI)	3300060657	298436	Ga0597091	Gp0704939	Gs0161344	Yes	640397189	1171446	695384	1	172	175391796	81273988	
3300060650	*Microbiome	Complete	Soil microbial communities from various NEON sites located in USA and Puerto Rico	Soil microbial communities from Healy, Denali National Park, Alaska, USA - HEAL_048-O-20210622-comp-1	DOE Joint Genome Institute (JGI)	3300060650	298415	Ga0597045	Gp0704893	Gs0161344	Yes	1849185817	2957021	1471432	34	291	364516356	286321684	
3300061644	*Microbiome	Complete	Soil microbial communities from various NEON sites located in USA and Puerto Rico	Soil microbial communities from Wind River Experimental Forest, Washington, USA - WREF_003-O-20210622-comp-1	DOE Joint Genome Institute (JGI)	3300061644	299660	Ga0597114	Gp0704962	Gs0161344	Yes	2765904913	4327173	2147128	27	413	414741160	275990905	
3300061637	*Microbiome	Complete	Soil microbial communities from various NEON sites located in USA and Puerto Rico	Soil microbial communities from Yellowstone NP, Wyoming, USA - YELL_003-M-20210708-comp-1	DOE Joint Genome Institute (JGI)	3300061637	299653	Ga0597057	Gp0704905	Gs0161344	Yes	1393141085	2453808	1375413	11	330	436679212	175827001	
3300060662	*Microbiome	Complete	Soil microbial communities from various NEON sites located in USA and Puerto Rico	Soil microbial communities from Yellowstone NP, Wyoming, USA - YELL_005-M-20210708-comp-1	DOE Joint Genome Institute (JGI)	3300060662	298418	Ga0597056	Gp0704904	Gs0161344	Yes	773391452	1440274	851876	1	200	287026732	105808415	
3300060884	*Microbiome	Complete	Soil microbial communities from various NEON sites located in USA and Puerto Rico	Soil microbial communities from Chase Lake Wetlands, North Dakota, USA - WOOD_042-M-20210712-comp-1	DOE Joint Genome Institute (JGI)	3300060884	298694	Ga0597089	Gp0704937	Gs0161344	Yes	2457554932	4227364	2233415	19	517	436239558	259632984	
3300060898	*Microbiome	Complete	Soil microbial communities from various NEON sites located in USA and Puerto Rico	Soil microbial communities from Guanica State Forest and Biosphere Reserve, Puerto Rico - GUAN_048-M-20210920-comp-1	DOE Joint Genome Institute (JGI)	3300060898	298783	Ga0597104	Gp0704952	Gs0161344	Yes	2373798091	4143520	2274170	6	462	504006060	313752142	
3300060645	*Microbiome	Complete	Soil microbial communities from various NEON sites located in USA and Puerto Rico	Soil microbial communities from Caribou Creek Watershed, Alaska, USA - BONA_006-O-20210707-comp-1	DOE Joint Genome Institute (JGI)	3300060645	298413	Ga0597041	Gp0704889	Gs0161344	Yes	936516787	1247938	470817	20	87	363367692	317346404	
3300060887	*Microbiome	Complete	Soil microbial communities from various NEON sites located in USA and Puerto Rico	Soil microbial communities from Guanica State Forest and Biosphere Reserve, Puerto Rico - GUAN_042-M-20210920-comp-1	DOE Joint Genome Institute (JGI)	3300060887	298698	Ga0597106	Gp0704954	Gs0161344	Yes	1415693220	2486121	1383622	8	280	347992888	190118289	
3300060731	*Microbiome	Complete	Soil microbial communities from various NEON sites located in USA and Puerto Rico	Soil microbial communities from Chase Lake Wetlands, North Dakota, USA - WOOD_043-M-20210712-comp-1	DOE Joint Genome Institute (JGI)	3300060731	298693	Ga0597088	Gp0704936	Gs0161344	Yes	1787723992	3068467	1606534	10	397	443617982	224511973	
3300060913	*Microbiome	Complete	Soil microbial communities from various NEON sites located in USA and Puerto Rico	Soil microbial communities from Toolik Field Station, Alaska, USA - TOOL_004-O-20210805-comp-1	DOE Joint Genome Institute (JGI)	3300060913	298553	Ga0597085	Gp0704933	Gs0161344	Yes	2723218105	4154624	2016522	24	330	451394824	285074040	
3300061641	*Microbiome	Complete	Soil microbial communities from various NEON sites located in USA and Puerto Rico	Soil microbial communities from Chase Lake Wetlands, North Dakota, USA - WOOD_024-O-20210714-comp-1	DOE Joint Genome Institute (JGI)	3300061641	299657	Ga0597090	Gp0704938	Gs0161344	Yes	2795863631	4473485	2360880	50	598	441677758	266890195	
3300061638	*Microbiome	Complete	Soil microbial communities from various NEON sites located in USA and Puerto Rico	Soil microbial communities from Lower Teakettle, Sierra National Forest, California, USA - TEAK_004-O-20210726-comp-1	DOE Joint Genome Institute (JGI)	3300061638	299654	Ga0597068	Gp0704916	Gs0161344	Yes	2084465830	3473849	1884551	22	376	343395968	187723876	
3300060889	*Microbiome	Complete	Soil microbial communities from various NEON sites located in USA and Puerto Rico	Soil microbial communities from Wind River Experimental Forest, Washington, USA - WREF_004-O-20210622-comp-1	DOE Joint Genome Institute (JGI)	3300060889	298700	Ga0597112	Gp0704960	Gs0161344	Yes	917531332	1560190	846699	8	150	186947128	91773525	
3300060658	*Microbiome	Complete	Soil microbial communities from various NEON sites located in USA and Puerto Rico	Soil microbial communities from Santa Rita Experimental Range, Tucson, Arizona, USA - SRER_004-M-20210809-comp-1	DOE Joint Genome Institute (JGI)	3300060658	298437	Ga0597103	Gp0704951	Gs0161344	Yes	507633143	896281	498828	2	107	225619516	73311696	
3300060665	*Microbiome	Complete	Soil microbial communities from various NEON sites located in USA and Puerto Rico	Soil microbial communities from Lower Teakettle, Sierra National Forest, California, USA - TEAK_002-O-20210720-comp-1	DOE Joint Genome Institute (JGI)	3300060665	298424	Ga0597071	Gp0704919	Gs0161344	Yes	958813025	1632731	916970	9	189	249137350	94629540	
3300061626	*Microbiome	Complete	Soil microbial communities from various NEON sites located in USA and Puerto Rico	Soil microbial communities from Yellowstone NP, Wyoming, USA - YELL_048-M-20210707-comp-1	DOE Joint Genome Institute (JGI)	3300061626	299642	Ga0597050	Gp0704898	Gs0161344	Yes	747543128	1371663	824647	3	203	311073652	101295982	
3300060916	*Microbiome	Complete	Soil microbial communities from various NEON sites located in USA and Puerto Rico	Soil microbial communities from Konza Prairie Bio Station, Kansas, USA - KONZ_045-M-20210721-comp-1	DOE Joint Genome Institute (JGI)	3300060916	298744	Ga0597060	Gp0704908	Gs0161344	Yes	3088759773	4930924	2361762	30	500	493066036	361681959	
3300060651	*Microbiome	Complete	Soil microbial communities from various NEON sites located in USA and Puerto Rico	Soil microbial communities from Lower Teakettle, Sierra National Forest, California, USA - TEAK_025-M-20210726-comp-1	DOE Joint Genome Institute (JGI)	3300060651	298422	Ga0597065	Gp0704913	Gs0161344	Yes	476651090	872189	531540	0	106	228530052	62065817	
3300061535	*Microbiome	Complete	Soil microbial communities from various NEON sites located in USA and Puerto Rico	Soil microbial communities from Great Basin, Onaqui, Utah, USA - ONAQ_002-M-20210524-comp-1	DOE Joint Genome Institute (JGI)	3300061535	299162	Ga0597031	Gp0704879	Gs0161344	Yes	2521031527	4443185	2431291	15	585	569227710	326306724	
3300061176	*Microbiome	Complete	Soil microbial communities from various NEON sites located in USA and Puerto Rico	Soil microbial communities from Santa Rita Experimental Range, Tucson, Arizona, USA - SRER_047-M-20210809-comp-1	DOE Joint Genome Institute (JGI)	3300061176	299094	Ga0597099	Gp0704947	Gs0161344	Yes	651768128	1219849	722291	2	151	214572578	88187429	
3300060653	*Microbiome	Complete	Soil microbial communities from various NEON sites located in USA and Puerto Rico	Soil microbial communities from Niwot Ridge, Colorado, USA - NIWO_004-M-20210726-comp-1	DOE Joint Genome Institute (JGI)	3300060653	298426	Ga0597074	Gp0704922	Gs0161344	Yes	2543810068	4250979	2242895	10	363	498361332	302241610	
3300060644	*Microbiome	Complete	Soil microbial communities from various NEON sites located in USA and Puerto Rico	Soil microbial communities from Caribou Creek Watershed, Alaska, USA - BONA_009-O-20210707-comp-1	DOE Joint Genome Institute (JGI)	3300060644	298412	Ga0597040	Gp0704888	Gs0161344	Yes	1973796526	3208194	1707182	13	289	346023002	200983006	
3300060732	*Microbiome	Complete	Soil microbial communities from various NEON sites located in USA and Puerto Rico	Soil microbial communities from Chase Lake Wetlands, North Dakota, USA - WOOD_003-M-20210708-comp-1	DOE Joint Genome Institute (JGI)	3300060732	298696	Ga0597094	Gp0704942	Gs0161344	Yes	1297656637	2301112	1264801	7	309	332171482	160009342	
3300060670	*Microbiome	Complete	Soil microbial communities from various NEON sites located in USA and Puerto Rico	Soil microbial communities from Toolik Field Station, Alaska, USA - TOOL_041-O-20210803-comp-1	DOE Joint Genome Institute (JGI)	3300060670	298433	Ga0597082	Gp0704930	Gs0161344	Yes	2206642902	3589799	1847211	16	293	408630126	218166360	
3300061643	*Microbiome	Complete	Soil microbial communities from various NEON sites located in USA and Puerto Rico	Soil microbial communities from Guanica State Forest and Biosphere Reserve, Puerto Rico - GUAN_004-M-20210922-comp-1	DOE Joint Genome Institute (JGI)	3300061643	299659	Ga0597109	Gp0704957	Gs0161344	Yes	1906545925	3368003	1892112	6	418	438881384	244611399	
3300060647	*Microbiome	Complete	Soil microbial communities from various NEON sites located in USA and Puerto Rico	Soil microbial communities from Yellowstone NP, Wyoming, USA - YELL_009-M-20210706-comp-1	DOE Joint Genome Institute (JGI)	3300060647	298417	Ga0597055	Gp0704903	Gs0161344	Yes	1136012974	1986999	1104457	6	190	338590526	132704889	
3300060669	*Microbiome	Complete	Soil microbial communities from various NEON sites located in USA and Puerto Rico	Soil microbial communities from Toolik Field Station, Alaska, USA - TOOL_042-O-20210803-comp-1	DOE Joint Genome Institute (JGI)	3300060669	298432	Ga0597081	Gp0704929	Gs0161344	Yes	1516560478	2557888	1484123	3	238	275618112	140655436	
3300060885	*Microbiome	Complete	Soil microbial communities from various NEON sites located in USA and Puerto Rico	Soil microbial communities from Chase Lake Wetlands, North Dakota, USA - WOOD_004-M-20210714-comp-1	DOE Joint Genome Institute (JGI)	3300060885	298695	Ga0597093	Gp0704941	Gs0161344	Yes	3352712117	5468796	2700566	29	630	605200774	383875418	
3300060746	*Microbiome	Complete	Soil microbial communities from various NEON sites located in USA and Puerto Rico	Soil microbial communities from Lower Teakettle, Sierra National Forest, California, USA - TEAK_003-M-20210726-comp-1	DOE Joint Genome Institute (JGI)	3300060746	298423	Ga0597070	Gp0704918	Gs0161344	Yes	1095983641	2023617	1229270	6	245	404852688	153545517	
3300061202	*Microbiome	Complete	Soil microbial communities from various NEON sites located in USA and Puerto Rico	Soil microbial communities from Great Basin, Onaqui, Utah, USA - ONAQ_008-M-20210524-comp-1	DOE Joint Genome Institute (JGI)	3300061202	299136	Ga0597027	Gp0704875	Gs0161344	Yes	917662755	1716085	1033109	2	226	397279970	137985455	
3300060652	*Microbiome	Complete	Soil microbial communities from various NEON sites located in USA and Puerto Rico	Soil microbial communities from Niwot Ridge, Colorado, USA - NIWO_005-M-20210726-comp-1	DOE Joint Genome Institute (JGI)	3300060652	298425	Ga0597072	Gp0704920	Gs0161344	Yes	1624183217	2828150	1599147	7	239	337523032	188341490	
3300060656	*Microbiome	Complete	Soil microbial communities from various NEON sites located in USA and Puerto Rico	Soil microbial communities from Toolik Field Station, Alaska, USA - TOOL_005-O-20210806-comp-1	DOE Joint Genome Institute (JGI)	3300060656	298434	Ga0597084	Gp0704932	Gs0161344	Yes	1853998825	2993133	1597452	20	333	378200188	179855181	
3300060667	*Microbiome	Complete	Soil microbial communities from various NEON sites located in USA and Puerto Rico	Soil microbial communities from Wind River Experimental Forest, Washington, USA - WREF_073-M-20210623-comp-1	DOE Joint Genome Institute (JGI)	3300060667	298430	Ga0597079	Gp0704927	Gs0161344	Yes	1515078457	2718795	1598526	3	292	367215274	186857464	
3300060649	*Microbiome	Complete	Soil microbial communities from various NEON sites located in USA and Puerto Rico	Soil microbial communities from Caribou Creek Watershed, Alaska, USA - BONA_001-O-20210708-comp-1	DOE Joint Genome Institute (JGI)	3300060649	298414	Ga0597044	Gp0704892	Gs0161344	Yes	2171833206	3590934	1926654	11	308	415449300	240109153	
3300061537	*Microbiome	Complete	Soil microbial communities from various NEON sites located in USA and Puerto Rico	Soil microbial communities from National Grasslands LBJ, Texas, USA - CLBJ_003-M-20210506-comp-1	DOE Joint Genome Institute (JGI)	3300061537	299164	Ga0597037	Gp0704885	Gs0161344	Yes	3130961773	5094398	2583799	54	625	528666706	285391035	
3300060853	*Microbiome	Complete	Soil microbial communities from various NEON sites located in USA and Puerto Rico	Soil microbial communities from Chase Lake Wetlands, North Dakota, USA - WOOD_002-M-20210708-comp-1	DOE Joint Genome Institute (JGI)	3300060853	298568	Ga0597095	Gp0704943	Gs0161344	Yes	1264686392	2142241	1107040	6	291	250965176	147407601	
3300061642	*Microbiome	Complete	Soil microbial communities from various NEON sites located in USA and Puerto Rico	Soil microbial communities from Guanica State Forest and Biosphere Reserve, Puerto Rico - GUAN_006-M-20210922-comp-1	DOE Joint Genome Institute (JGI)	3300061642	299658	Ga0597108	Gp0704956	Gs0161344	Yes	1436075524	2481733	1370525	4	314	330976048	187407658	
3300061203	*Microbiome	Complete	Soil microbial communities from various NEON sites located in USA and Puerto Rico	Soil microbial communities from Great Basin, Onaqui, Utah, USA - ONAQ_005-M-20210527-comp-1	DOE Joint Genome Institute (JGI)	3300061203	299137	Ga0597028	Gp0704876	Gs0161344	Yes	705527840	1294377	757511	0	221	254295302	96563947	
3300061178	*Microbiome	Complete	Soil microbial communities from various NEON sites located in USA and Puerto Rico	Soil microbial communities from Santa Rita Experimental Range, Tucson, Arizona, USA - SRER_052-M-20210810-comp-1	DOE Joint Genome Institute (JGI)	3300061178	299093	Ga0597098	Gp0704946	Gs0161344	Yes	2196757439	3845659	2106421	8	493	427099168	241671909	
3300060664	*Microbiome	Complete	Soil microbial communities from various NEON sites located in USA and Puerto Rico	Soil microbial communities from Konza Prairie Bio Station, Kansas, USA - KONZ_042-M-20210720-comp-1	DOE Joint Genome Institute (JGI)	3300060664	298421	Ga0597062	Gp0704910	Gs0161344	Yes	1309762281	2245540	1168101	7	251	261367528	130473103	
